,mean,std,min,max,normal_range_40_60,abnormal_low,abnormal_high
gc_13,0.3790796892776859,0.004387933620289502,0.350101203,0.426436633,2.0,603.0,0.0
gc_18,0.3919494467454545,0.004184222108449378,0.361057311,0.433851272,11.0,594.0,0.0
gc_21,0.4012309752826446,0.005044729509326476,0.36467278,0.449964464,383.0,222.0,0.0
gc_content,0.401088925785124,0.004429767867342409,0.367701,0.4434829,385.0,220.0,0.0
