,mean,std,min,max,median,q25,q75,outliers_3std
z_13,0.4347932442297521,1.3304145611216656,-3.143221872,7.194432708,0.303587253,-0.444223046,1.314557021,5.0
z_18,0.8040434034198347,1.2842591089814746,-2.312643722,5.380943783,0.700946782,-0.061295183,1.609503449,6.0
z_21,-0.11744321538181819,1.1249545278880875,-4.255845052,2.662144445,-0.141454103,-0.824381393,0.688025783,1.0
z_x,0.4772221146198347,1.3005205876538508,-8.298997929,10.28612325,0.527573404,-0.339565512,1.245971478,5.0
