{
  "Correlation": 0.963286448497191,
  "R_squared": 0.9279207818583315,
  "Pseudo_R2": -0.0041479527789705095,
  "RMSE": 0.009100530173382247,
  "MAE": 0.006878578138023993,
  "AIC": NaN,
  "BIC": NaN
}