Variable,Coefficient,Std_Error,t_value,p_value,Significance,CI_lower,CI_upper,Model
Intercept,-0.24866150836875012,0.23605085175672746,-1.053423474298746,0.29242056018866536,ns,-0.711915572830669,0.2145925560931688,nonlinear_time
gd,-0.0007968988173220797,0.00018454906640679884,-4.3180864191720545,1.7428297564459072e-05,***,-0.0011590796968628612,-0.0004347179377812983,nonlinear_time
I(gd ** 2),5.48069786371852e-06,7.597118767977067e-07,7.214179521347538,1.1248779685502086e-12,***,3.989749569622818e-06,6.971646157814221e-06,nonlinear_time
bmi_c,0.011867317902486763,0.007453003101592078,1.5922867253270991,0.11166010651314617,ns,-0.0027593354375235555,0.026493971242497083,nonlinear_time
age_c,-0.0005695710333617582,0.0005194375197153651,-1.0965150027550274,0.2731373109722437,ns,-0.001588976557431438,0.00044983449070792154,nonlinear_time
height,0.004787939236565844,0.002917166693848043,1.6412977861920053,0.10107372324866537,ns,-0.0009370531435962818,0.01051293161672797,nonlinear_time
weight,-0.0050915519786335385,0.0028314262910518724,-1.7982286859185839,0.07246498279695857,ns,-0.010648277268089028,0.0004651733108219508,nonlinear_time
