Model,Pseudo_R2,Correlation,Correlation_R2
basic_random_intercept,0.8136234081910485,0.9047387998379259,0.8185522959321706
random_slope,0.907189503761406,0.9544363601475692,0.9109487655717403
interaction_effects,0.9092369177666714,0.9554400542462164,0.9128656972580129
