{
    "basic_random_intercept": {
        "aic": NaN,
        "bic": NaN,
        "llf": 2163.8663105485184,
        "nobs": 937,
        "df_model": 7,
        "converged": true,
        "fe_params": {
            "const": -0.24190518667969896,
            "gestational_days": 0.00045801648959695125,
            "BMI_centered": 0.01049214125926318,
            "age_centered": -0.0009009516697024495,
            "身高": 0.003969945115578126,
            "体重": -0.004437046538259068
        },
        "pvalues": {
            "const": 0.2536866933289784,
            "gestational_days": 1.8181460387642707e-72,
            "BMI_centered": 0.10602607479923476,
            "age_centered": 0.09045457024097067,
            "身高": 0.12084255761936562,
            "体重": 0.0686237979801381,
            "Group Var": 1.006292797574293e-17
        },
        "summary": "           Mixed Linear Model Regression Results\n===========================================================\nModel:              MixedLM  Dependent Variable:  Y染色体浓度   \nNo. Observations:   937      Method:              REML     \nNo. Groups:         247      Scale:               0.0003   \nMin. group size:    2        Log-Likelihood:      2163.8663\nMax. group size:    8        Converged:           Yes      \nMean group size:    3.8                                    \n-----------------------------------------------------------\n                 Coef.  Std.Err.   z    P>|z| [0.025 0.975]\n-----------------------------------------------------------\nconst            -0.242    0.212 -1.141 0.254 -0.657  0.173\ngestational_days  0.000    0.000 18.004 0.000  0.000  0.001\nBMI_centered      0.010    0.006  1.616 0.106 -0.002  0.023\nage_centered     -0.001    0.001 -1.693 0.090 -0.002  0.000\n身高                0.004    0.003  1.551 0.121 -0.001  0.009\n体重               -0.004    0.002 -1.821 0.069 -0.009  0.000\nGroup Var         0.001    0.006                           \n===========================================================\n"
    },
    "random_slope": {
        "aic": NaN,
        "bic": NaN,
        "llf": 2240.6999908802673,
        "nobs": 937,
        "df_model": 9,
        "converged": true,
        "fe_params": {
            "Intercept": -0.2860103650513287,
            "gd": 0.0005114914885842243,
            "bmi_c": 0.010894046568063228,
            "age_c": -0.0006333652297372896,
            "height": 0.004335073151431811,
            "weight": -0.004675434605797209
        },
        "pvalues": {
            "Intercept": 0.22736897088258923,
            "gd": 8.594327015857495e-44,
            "bmi_c": 0.1413674506398572,
            "age_c": 0.23101420684818508,
            "height": 0.1363681354459152,
            "weight": 0.09607663898282123,
            "Group Var": 9.4791469521614e-09,
            "Group x gd Cov": 5.563196678714844e-07,
            "gd Var": 8.639067508709865e-09
        },
        "summary": "          Mixed Linear Model Regression Results\n=========================================================\nModel:              MixedLM Dependent Variable: y        \nNo. Observations:   937     Method:             REML     \nNo. Groups:         247     Scale:              0.0002   \nMin. group size:    2       Log-Likelihood:     2240.7000\nMax. group size:    8       Converged:          Yes      \nMean group size:    3.8                                  \n---------------------------------------------------------\n               Coef.  Std.Err.   z    P>|z| [0.025 0.975]\n---------------------------------------------------------\nIntercept      -0.286    0.237 -1.207 0.227 -0.750  0.178\ngd              0.001    0.000 13.878 0.000  0.000  0.001\nbmi_c           0.011    0.007  1.471 0.141 -0.004  0.025\nage_c          -0.001    0.001 -1.198 0.231 -0.002  0.000\nheight          0.004    0.003  1.489 0.136 -0.001  0.010\nweight         -0.005    0.003 -1.664 0.096 -0.010  0.001\nGroup Var       0.002    0.027                           \nGroup x gd Cov -0.000    0.000                           \ngd Var          0.000    0.000                           \n=========================================================\n"
    },
    "interaction_effects": {
        "aic": NaN,
        "bic": NaN,
        "llf": 2223.9496025477697,
        "nobs": 937,
        "df_model": 11,
        "converged": true,
        "fe_params": {
            "Intercept": -0.35950017356296854,
            "gd": 0.0005053684836176186,
            "bmi_c": 0.009945001430404414,
            "gd:bmi_c": 3.0301502549931553e-05,
            "age_c": -0.00019334792786344747,
            "gd:age_c": -4.212824355291905e-06,
            "height": 0.005264513572187494,
            "weight": -0.005577871804408012
        },
        "pvalues": {
            "Intercept": 0.13288255575631638,
            "gd": 6.908090833778244e-43,
            "bmi_c": 0.18190912810170157,
            "gd:bmi_c": 0.0035883967997696986,
            "age_c": 0.8533741919944612,
            "gd:age_c": 0.641491080642228,
            "height": 0.07368718857660424,
            "weight": 0.04985069148389096,
            "Group Var": 7.53499765196472e-09,
            "Group x gd Cov": 5.144987965753992e-07,
            "gd Var": 1.1504419588907081e-08
        },
        "summary": "          Mixed Linear Model Regression Results\n=========================================================\nModel:              MixedLM Dependent Variable: y        \nNo. Observations:   937     Method:             REML     \nNo. Groups:         247     Scale:              0.0002   \nMin. group size:    2       Log-Likelihood:     2223.9496\nMax. group size:    8       Converged:          Yes      \nMean group size:    3.8                                  \n---------------------------------------------------------\n               Coef.  Std.Err.   z    P>|z| [0.025 0.975]\n---------------------------------------------------------\nIntercept      -0.360    0.239 -1.503 0.133 -0.828  0.109\ngd              0.001    0.000 13.728 0.000  0.000  0.001\nbmi_c           0.010    0.007  1.335 0.182 -0.005  0.025\ngd:bmi_c        0.000    0.000  2.912 0.004  0.000  0.000\nage_c          -0.000    0.001 -0.185 0.853 -0.002  0.002\ngd:age_c       -0.000    0.000 -0.466 0.641 -0.000  0.000\nheight          0.005    0.003  1.789 0.074 -0.001  0.011\nweight         -0.006    0.003 -1.961 0.050 -0.011 -0.000\nGroup Var       0.002    0.027                           \nGroup x gd Cov -0.000    0.000                           \ngd Var          0.000    0.000                           \n=========================================================\n"
    },
    "nonlinear_time": {
        "aic": NaN,
        "bic": NaN,
        "llf": 2252.3968395527227,
        "nobs": 937,
        "df_model": 10,
        "converged": true,
        "fe_params": {
            "Intercept": -0.24866150836875012,
            "gd": -0.0007968988173220797,
            "I(gd ** 2)": 5.48069786371852e-06,
            "bmi_c": 0.011867317902486763,
            "age_c": -0.0005695710333617582,
            "height": 0.004787939236565844,
            "weight": -0.0050915519786335385
        },
        "pvalues": {
            "Intercept": 0.29214695020283477,
            "gd": 1.5738780904662492e-05,
            "I(gd ** 2)": 5.426013431780369e-13,
            "bmi_c": 0.11132029428036673,
            "age_c": 0.27285346145195954,
            "height": 0.10073561543021609,
            "weight": 0.07214077548638585,
            "Group Var": 9.924656024866896e-09,
            "Group x gd Cov": 5.792098956312102e-07,
            "gd Var": 3.383711905772064e-08
        },