Model,Pseudo_R2,Correlation,Correlation_R2
basic_random_intercept,0.8136234081910485,0.9047387998379259,0.8185522959321706
random_slope,0.9238404069344139,0.9623964454776862,0.9262069182680851
interaction_effects,0.8958552738108936,0.9478095395988282,0.8983429233545427
