{
    "basic_random_intercept": {
        "aic": NaN,
        "bic": NaN,
        "llf": 2163.8663105485184,
        "nobs": 937,
        "df_model": 7,
        "converged": true,
        "fe_params": {
            "const": -0.24190518667969896,
            "gestational_days": 0.00045801648959695125,
            "BMI_centered": 0.01049214125926318,
            "age_centered": -0.0009009516697024495,
            "身高": 0.003969945115578126,
            "体重": -0.004437046538259068
        },
        "pvalues": {
            "const": 0.2536866933289784,
            "gestational_days": 1.8181460387642707e-72,
            "BMI_centered": 0.10602607479923476,
            "age_centered": 0.09045457024097067,
            "身高": 0.12084255761936562,
            "体重": 0.0686237979801381,
            "Group Var": 1.006292797574293e-17
        },
        "summary": "           Mixed Linear Model Regression Results\n===========================================================\nModel:              MixedLM  Dependent Variable:  Y染色体浓度   \nNo. Observations:   937      Method:              REML     \nNo. Groups:         247      Scale:               0.0003   \nMin. group size:    2        Log-Likelihood:      2163.8663\nMax. group size:    8        Converged:           Yes      \nMean group size:    3.8                                    \n-----------------------------------------------------------\n                 Coef.  Std.Err.   z    P>|z| [0.025 0.975]\n-----------------------------------------------------------\nconst            -0.242    0.212 -1.141 0.254 -0.657  0.173\ngestational_days  0.000    0.000 18.004 0.000  0.000  0.001\nBMI_centered      0.010    0.006  1.616 0.106 -0.002  0.023\nage_centered     -0.001    0.001 -1.693 0.090 -0.002  0.000\n身高                0.004    0.003  1.551 0.121 -0.001  0.009\n体重               -0.004    0.002 -1.821 0.069 -0.009  0.000\nGroup Var         0.001    0.006                           \n===========================================================\n"
    },
    "random_slope": {
        "aic": NaN,
        "bic": NaN,
        "llf": 2332.777451206968,
        "nobs": 937,
        "df_model": 14,
        "converged": true,
        "fe_params": {
            "Intercept": -0.04929322508696157,
            "gd": 1.618581591945777e-05,
            "bmi_c": 0.003927716487051226,
            "age_c": -0.0008221220626193097,
            "height": 0.0016597311756645521,
            "weight": -0.002065226570104577,
            "x_conc": 0.18511488908923646,
            "y_z": 0.0003684620862251236,
            "x_z": -0.000448119226553831,
            "chr18_z": -0.0007579302590082133,
            "blood_draw_num": 0.00847528213844885
        },
        "pvalues": {
            "Intercept": 0.8070937782472413,
            "gd": 0.7746644644070665,
            "bmi_c": 0.527547281233347,
            "age_c": 0.06134489088437551,
            "height": 0.4998045741372682,
            "weight": 0.38035184001984246,
            "x_conc": 2.3756592930066355e-35,
            "y_z": 0.4653894474171735,
            "x_z": 0.3966767141514209,
            "chr18_z": 0.11790510587283547,
            "blood_draw_num": 2.3206628014049558e-20,
            "Group Var": 2.8838693894532913e-08,
            "Group x gd Cov": 1.582078358268395e-06,
            "gd Var": 2.1522625352214254e-07
        },
        "summary": "          Mixed Linear Model Regression Results\n=========================================================\nModel:              MixedLM Dependent Variable: y        \nNo. Observations:   937     Method:             REML     \nNo. Groups:         247     Scale:              0.0001   \nMin. group size:    2       Log-Likelihood:     2332.7775\nMax. group size:    8       Converged:          Yes      \nMean group size:    3.8                                  \n---------------------------------------------------------\n               Coef.  Std.Err.   z    P>|z| [0.025 0.975]\n---------------------------------------------------------\nIntercept      -0.049    0.202 -0.244 0.807 -0.445  0.346\ngd              0.000    0.000  0.286 0.775 -0.000  0.000\nbmi_c           0.004    0.006  0.632 0.528 -0.008  0.016\nage_c          -0.001    0.000 -1.871 0.061 -0.002  0.000\nheight          0.002    0.002  0.675 0.500 -0.003  0.006\nweight         -0.002    0.002 -0.877 0.380 -0.007  0.003\nx_conc          0.185    0.015 12.408 0.000  0.156  0.214\ny_z             0.000    0.001  0.730 0.465 -0.001  0.001\nx_z            -0.000    0.001 -0.848 0.397 -0.001  0.001\nchr18_z        -0.001    0.000 -1.564 0.118 -0.002  0.000\nblood_draw_num  0.008    0.001  9.246 0.000  0.007  0.010\nGroup Var       0.002    0.030                           \nGroup x gd Cov -0.000    0.000                           \ngd Var          0.000    0.000                           \n=========================================================\n"
    },
    "interaction_effects": {
        "aic": NaN,
        "bic": NaN,
        "llf": 2380.0240417045625,
        "nobs": 937,
        "df_model": 18,
        "converged": true,
        "fe_params": {
            "Intercept": 0.04427580226433438,
            "gd": -0.0005678919879881352,
            "bmi_c": 0.00045940646995906655,
            "gd:bmi_c": 1.550403074208682e-05,
            "age_c": -0.0005367510710379883,
            "gd:age_c": -1.7267375054738166e-06,
            "height": 0.0011130932240514901,
            "weight": -0.0014634519330077268,
            "x_conc": -0.4952312711128243,
            "y_z": -0.013852738811857895,
            "x_z": -0.00015980602672591228,
            "chr18_z": -2.076682374153706e-06,
            "blood_draw_num": 0.010511392748353412,
            "gd:y_z": 0.00012873116170291385,
            "gd:x_conc": 0.006594140863097641
        },
        "pvalues": {
            "Intercept": 0.7730883040720968,
            "gd": 1.6027237682332086e-17,
            "bmi_c": 0.9224583063499854,
            "gd:bmi_c": 0.009308593929664806,
            "age_c": 0.41233753668462136,
            "gd:age_c": 0.7252305241867512,
            "height": 0.5510629104372702,
            "weight": 0.4133597765229058,
            "x_conc": 1.5722045810706053e-20,
            "y_z": 1.9771512569604707e-13,
            "x_z": 0.7693347439108804,
            "chr18_z": 0.9966007111579724,
            "blood_draw_num": 3.681121927337998e-29,
            "gd:y_z": 5.167754970738341e-15,
            "gd:x_conc": 3.5148514629766215e-48,
            "Group Var": 0.000446198000426657,
            "Group x gd Cov": 0.5366835685816153,
            "gd Var": 0.8478726620409831
        },