Model,AIC,BIC,Log-Likelihood,N_Params,Converged,Delta_AIC
nonlinear_time,-4488.793679105445,-4450.052212847538,2252.3968395527227,8,True,0.0
random_slope,-4467.3999817605345,-4433.501198784866,2240.6999908802673,7,True,21.393697344910834
interaction_effects,-4429.899205095539,-4386.315055555394,2223.9496025477697,9,True,58.894474009905935
basic_random_intercept,-4313.732621097037,-4279.833838121368,2163.8663105485184,7,True,175.0610580084085
