Model,AIC,BIC,Log-Likelihood,N_Params,Pseudo_R2,Correlation,Correlation_R2,Converged,Delta_AIC
random_slope,-4467.3999817605345,-4433.501198784866,2240.6999908802673,7,0.907189503761406,0.9544363601475692,0.9109487655717403,True,0.0
interaction_effects,-4429.899205095539,-4386.315055555394,2223.9496025477697,9,0.9092369177666714,0.9554400542462164,0.9128656972580129,True,37.5007766649951
basic_random_intercept,-4313.732621097037,-4279.833838121368,2163.8663105485184,7,0.8136234081910485,0.9047387998379259,0.8185522959321706,True,153.66736066349767
