group_id,group_name,bmi_lower_bound,bmi_upper_bound,bmi_interval_description,sample_size,recommended_test_time_weeks,earliest_达标时间_weeks,constraint_satisfaction_rate,expected_risk,clinical_recommendation
1,BMI组1,20.703125,28.3446712,"[20.7, 28.3]",16,10.000001026515509,7.142857142857143,1.0,0.1,建议在10.0周检测，属于早期检测，风险较低
2,BMI组2,28.40787731,28.83379247,"[28.4, 28.8]",8,10.000001026515509,7.142857142857143,1.0,0.1,建议在10.0周检测，属于早期检测，风险较低
3,BMI组3,28.90625,38.53810744,"[28.9, 38.5]",215,10.03531665220702,7.1428571428571415,1.0,0.1,建议在10.0周检测，属于早期检测，风险较低
4,BMI组4,38.56749311,46.875,"[38.6, 46.9]",8,14.330194052894544,7.9542291421325615,1.0,0.1,建议在14.3周检测，属于中期检测，需要密切关注
