group_id,group_name,bmi_range,sample_size,recommended_test_time_weeks,recommended_test_time_days,expected_minimal_risk,success_rate,constraint_satisfaction_rate,within_group_robust_constraint_valid,within_group_min_probability,clinical_advice,error_sensitivity
1,BMI组1,"[20.7, 25.9]",50,10.0,70.0,0.09999999999999998,0.9958294271363569,1.0,True,0.9882434536811439,早期检测，检测成功率高,对测量误差不敏感
2,BMI组2,"[25.9, 31.2]",49,10.0,70.0,0.09999999999999999,0.9924073657528409,1.0,True,0.9794102089985659,早期检测，检测成功率高,对测量误差不敏感
3,BMI组3,"[31.2, 36.4]",49,16.453347396735197,115.17343177714638,0.5237511861159211,0.9963165409165264,1.0,True,0.9564790081277813,中期检测，检测成功率高,对测量误差较为敏感，需严格控制检测质量
4,BMI组4,"[36.4, 41.6]",49,16.245885849345633,113.72120094541944,0.5226447245298433,0.9921366040763318,1.0,True,0.9500000000000012,中期检测，检测成功率高,对测量误差较为敏感，需严格控制检测质量
5,BMI组5,"[41.6, 46.9]",50,21.36798281869531,149.57587973086717,0.5499625750330417,0.9983987383808371,1.0,True,0.9500000000000012,中晚期检测，检测成功率高,对测量误差较为敏感，需严格控制检测质量
