{
  "data_info": {
    "total_observations": 937,
    "unique_subjects": 247,
    "达标率": 0.880469583778015
  },
  "model_type": "enhanced_random_slope",
  "model_fitted": true,
  "model_performance": {
    "Correlation": 0.963286448497191,
    "R_squared": 0.9279207818583315,
    "Pseudo_R2": -0.0041479527789705095,
    "RMSE": 0.009100530173382247,
    "MAE": 0.006878578138023993,
    "AIC": NaN,
    "BIC": NaN
  },
  "key_findings": [
    "Y染色体浓度与孕周数呈弱正相关 (r=0.069)",
    "Y染色体浓度与BMI呈弱负相关 (r=-0.150)"
  ]
}