group_id,group_name,bmi_range,bmi_mean,age_mean,height_mean,weight_mean,multifactor_score_mean,sample_size,recommended_test_time_weeks,recommended_test_time_days,expected_minimal_risk,success_rate,constraint_satisfaction_rate,within_group_robust_constraint_valid,within_group_min_probability,clinical_advice,error_sensitivity
1,多因素组1,"[20.7, 24.9]",30.862565256571433,28.428571428571427,158.88571428571427,77.90857142857143,0.43006872220000003,35,11.82260366211269,82.75822563478883,0.3489538389633931,1.0,1.0,True,0.9971735609129324,早期检测，中等风险，检测成功率高,对测量误差不敏感
2,多因素组2,"[24.9, 29.0]",30.874667161500003,28.625,161.3,80.4255,0.4395886547175,40,11.407300132626453,79.85110092838516,0.32949917895473413,1.0,1.0,True,0.9982408911944252,早期检测，中等风险，检测成功率高,对测量误差不敏感
3,多因素组3,"[29.0, 33.2]",30.87726446241379,28.620689655172413,160.4655172413793,79.44827586206897,0.43827775538448277,29,11.214429298514606,78.50100508960224,0.3189371818050555,1.0,1.0,True,0.9921240227422811,早期检测，中等风险，检测成功率高,对测量误差不敏感
4,多因素组4,"[33.2, 37.4]",31.892529064571427,30.742857142857144,160.94285714285715,82.75714285714284,0.44742055906857137,35,11.259824633949435,78.81877243764605,0.3212499227695512,1.0,1.0,True,0.9974030249461044,早期检测，中等风险，检测成功率高,对测量误差不敏感
5,多因素组5,"[37.4, 41.5]",34.97164877771429,31.057142857142857,162.9857142857143,92.98,0.4774569835971429,35,11.131818443815659,77.92272910670961,0.31816769525382155,1.0,1.0,True,0.998045041982194,早期检测，中等风险，检测成功率高,对测量误差不敏感
