group_id,group_name,bmi_lower_bound,bmi_upper_bound,bmi_interval_description,bmi_mean,age_mean,height_mean,weight_mean,multifactor_score_mean,sample_size,recommended_test_time_weeks,recommended_test_time_days,expected_risk,clinical_recommendation
1,多因素组1,20.703125,24.8671875,"[20.7, 24.9]",30.862565256571433,28.428571428571427,158.88571428571427,77.90857142857143,0.43006872220000003,35,15.7,110,0.773,中期检测，中等风险，建议个体化监测
2,多因素组2,24.8671875,29.03125,"[24.9, 29.0]",30.874667161500003,28.625,161.3,80.4255,0.4395886547175,40,18.2,127,1.131,中晚期检测，中等风险，建议个体化监测
3,多因素组3,29.03125,33.1953125,"[29.0, 33.2]",30.87726446241379,28.620689655172413,160.4655172413793,79.44827586206897,0.43827775538448277,29,23.1,161,2.549,中晚期检测，中等风险，建议个体化监测
4,多因素组4,33.1953125,37.359375,"[33.2, 37.4]",31.892529064571427,30.742857142857144,160.94285714285715,82.75714285714284,0.44742055906857137,35,14.2,99,0.667,中期检测，中等风险，建议个体化监测
5,多因素组5,37.359375,41.5234375,"[37.4, 41.5]",34.97164877771429,31.057142857142857,162.9857142857143,92.98,0.4774569835971429,35,12.1,85,0.432,中期检测，中等风险，建议个体化监测
