{
  "BMI": 0.0,
  "年龄": 0.0,
  "身高": 0.0,
  "体重": 0.0,
  "BMI平方": 0.0,
  "BMI_age_interaction": 0.0,
  "身高体重比": 0.8106631600948135,
  "风险敏感指数": 0.0,
  "BMI_风险_interaction": 0.18933683990518638
}