{
  "model_params": {
    "intercept": 0.19265360321476893,
    "gestational_days": -0.00043963604009710606,
    "bmi": -0.0040930785959958785,
    "gestational_days_bmi": 1.843713138617577e-05
  },
  "threshold": 0.04,
  "bmi_correlation": -0.13959425666749986
}