{
  "28-32": {
    "年龄": {
      "scipy_r": -0.09441860885673391,
      "manual_r": -0.09441860885673391,
      "p_value": 0.3900481359495672,
      "significant": 