BMI_group,总样本数,异常样本数,异常比例
20-28,2,2,1.0
28-32,85,25,0.29411764705882354
32-36,45,16,0.35555555555555557
36-40,12,1,0.08333333333333333
≥40,3,0,0.0
