,BMI范围,样本数,平均BMI,平均最早孕周,平均最晚孕周,平均最高浓度,达标时间范围
0,20≤BMI<28,5,26.204060000000005,12.4,20.6,0.09381999999999999,12.0-25.0周
1,28≤BMI<32,145,29.970339310344823,12.213793103448277,20.386206896551723,0.10379724137931035,11.0-29.0周
2,32≤BMI<36,91,33.56781648351649,12.208791208791208,19.175824175824175,0.09612637362637363,11.0-26.0周
3,36≤BMI<40,16,37.702131249999994,12.375,23.0,0.08894375000000002,11.0-26.0周
4,BMI≥40,3,42.08463333333333,15.666666666666666,22.666666666666668,0.08153333333333333,12.0-23.0周
