,孕妇BMI,Y染色体浓度,孕周数值
孕妇BMI,1.0,-0.1512998145945763,0.1471853829873899
Y染色体浓度,-0.1512998145945763,1.0,0.12410974877249936
孕周数值,0.1471853829873899,0.12410974877249936,1.0
