{
  "中低": {
    "gestational_days": 0.07907370427554254,
    "孕妇BMI": -0.04196675339307096,
    "年龄": -0.15404212181400034,
    "Y染色体的Z值": 0.07970777217008508
  },
  "中高": {
    "gestational_days": 0.11165015818200821,
    "孕妇BMI": -0.25798212848136926,
    "年龄": 0.03368973756361623,
    "Y染色体的Z值": 0.18004013056302995
  },
  "高": {
    "gestational_days": 0.7774802032168222,
    "孕妇BMI": -0.21844304389593094,
    "年龄": -0.39606261224399064,
    "Y染色体的Z值": -0.325
  }
}