{
    "中低": {
        "gestational_days": 0.12174964813892798,
        "孕妇BMI": -0.04136142391480105,
        "年龄": -0.16628338605198373,
        "Y染色体的Z值": 0.04617505534395737
    },
    "中高": {
        "gestational_days": 0.14980189738671065,
        "孕妇BMI": -0.24361300750513507,
        "年龄": 0.03382988739030474,
        "Y染色体的Z值": 0.13546348115214768
    },
    "高": {
        "gestational_days": 0.6378820781624744,
        "孕妇BMI": -0.07609125983739012,
        "年龄": -0.46040483621060596,
        "Y染色体的Z值": -0.16125691490715258
    }
}