{
  "sample_size": 937,
  "n_subjects": 247,
  "y_concentration_stats": {
    "mean": 0.07888143675987193,
    "std": 0.03338552570334714,
    "min": 0.010003887,
    "max": 0.234217554,
    "达标率": 0.880469583778015
  },
  "gestational_days_stats": {
    "mean": 116.94343649946639,
    "std": 28.206882270265606,
    "min": 77.0,
    "max": 194.0
  },
  "BMI_stats": {
    "mean": 32.320221539935964,
    "std": 2.959310439008669,
    "min": 20.703125,
    "max": 46.875
  }
}