{
    "gestational_days": {
        "spearman_corr": 0.06904914681427303,
        "spearman_p": 0.034572775894283356
    },
    "孕妇BMI": {
        "spearman_corr": -0.14952070236298315,
        "spearman_p": 4.293371947751534e-06
    }
}