{
    "gestational_days": {
        "linear_corr": 0.10960205009502122,
        "linear_p": 0.0007776795995826866,
        "spearman_corr": 0.06904914681427303,
        "spearman_p": 0.034572775894283356
    },
    "孕妇BMI": {
        "linear_corr": -0.13959425666749983,
        "linear_p": 1.8000282215192805e-05,
        "spearman_corr": -0.14952070236298315,
        "spearman_p": 4.293371947751534e-06
    }
}