group_name,optimal_test_time_days,optimal_test_time_weeks,minimal_expected_risk,success_proportion
Group_3,78.50100508960224,11.214429298514606,0.3189371818050555,1.0
Group_4,78.81877243764605,11.259824633949435,0.3212499227695512,1.0
Group_5,77.92272910670961,11.131818443815659,0.31816769525382155,1.0
Group_2,79.85110092838516,11.407300132626453,0.32949917895473413,1.0
Group_1,82.75822563478883,11.82260366211269,0.3489538389633931,1.0
