group_name,bmi_range,sample_size,valid_sample_size,recommended_test_time_weeks,recommended_test_time_days,expected_minimal_risk,success_rate,constraint_satisfaction_rate,clinical_advice
BMI组1,"[20, 28)",5,5,10.0,70.0,0.1,0.9968433061353512,1.0,早期检测，检测成功率高
BMI组2,"[28, 32)",134,134,15.808255268693939,110.65778688085757,0.5203106947663676,0.9973918122725366,1.0,中期检测，检测成功率高
BMI组3,"[32, 36)",88,88,17.043197160287363,119.30238012201154,0.5268970515215327,0.9942395311210742,1.0,中期检测，检测成功率高
BMI组4,"[36, 40)",17,17,19.94011716519716,139.58082015638013,0.5423472915477182,0.9928560901088721,1.0,中晚期检测，检测成功率高
BMI组5,"[40, 50]",3,3,21.36798281869531,149.57587973086717,0.5499625750330417,0.9825559550452431,1.0,中晚期检测，检测成功率高
